{
  "Total" : {
    "transaction" : "Total",
    "sampleCount" : 1000,
    "errorCount" : 57,
    "errorPct" : 5.7,
    "meanResTime" : 4056.2500000000014,
    "medianResTime" : 1092.5,
    "minResTime" : 1.0,
    "maxResTime" : 75003.0,
    "pct1ResTime" : 7236.3,
    "pct2ResTime" : 19289.399999999998,
    "pct3ResTime" : 71695.47,
    "throughput" : 5.7440893320772926,
    "receivedKBytesPerSec" : 1.7419567940370608,
    "sentKBytesPerSec" : 0.613607855329366
  },
  "HTTP Request" : {
    "transaction" : "HTTP Request",
    "sampleCount" : 1000,
    "errorCount" : 57,
    "errorPct" : 5.7,
    "meanResTime" : 4056.2500000000014,
    "medianResTime" : 1092.5,
    "minResTime" : 1.0,
    "maxResTime" : 75003.0,
    "pct1ResTime" : 7236.3,
    "pct2ResTime" : 19289.399999999998,
    "pct3ResTime" : 71695.47,
    "throughput" : 5.7440893320772926,
    "receivedKBytesPerSec" : 1.7419567940370608,
    "sentKBytesPerSec" : 0.613607855329366
  }
}