{
  "Total" : {
    "transaction" : "Total",
    "sampleCount" : 1000,
    "errorCount" : 664,
    "errorPct" : 66.4,
    "meanResTime" : 108.46200000000016,
    "medianResTime" : 3.0,
    "minResTime" : 1.0,
    "maxResTime" : 7329.0,
    "pct1ResTime" : 120.0,
    "pct2ResTime" : 147.0,
    "pct3ResTime" : 1210.0,
    "throughput" : 86.0141063134354,
    "receivedKBytesPerSec" : 183.30017646331498,
    "sentKBytesPerSec" : 3.2739119215551353
  },
  "HTTP Request" : {
    "transaction" : "HTTP Request",
    "sampleCount" : 1000,
    "errorCount" : 664,
    "errorPct" : 66.4,
    "meanResTime" : 108.46200000000016,
    "medianResTime" : 3.0,
    "minResTime" : 1.0,
    "maxResTime" : 7329.0,
    "pct1ResTime" : 120.0,
    "pct2ResTime" : 147.0,
    "pct3ResTime" : 1210.0,
    "throughput" : 86.0141063134354,
    "receivedKBytesPerSec" : 183.30017646331498,
    "sentKBytesPerSec" : 3.2739119215551353
  }
}