{
  "Total" : {
    "transaction" : "Total",
    "sampleCount" : 1000,
    "errorCount" : 17,
    "errorPct" : 1.7,
    "meanResTime" : 1679.324,
    "medianResTime" : 168.0,
    "minResTime" : 0.0,
    "maxResTime" : 80251.0,
    "pct1ResTime" : 4201.799999999999,
    "pct2ResTime" : 7188.049999999997,
    "pct3ResTime" : 18656.81000000004,
    "throughput" : 3.73852739405948,
    "receivedKBytesPerSec" : 0.7138433288315232,
    "sentKBytesPerSec" : 0.4163054704002093
  },
  "HTTP Request" : {
    "transaction" : "HTTP Request",
    "sampleCount" : 1000,
    "errorCount" : 17,
    "errorPct" : 1.7,
    "meanResTime" : 1679.324,
    "medianResTime" : 168.0,
    "minResTime" : 0.0,
    "maxResTime" : 80251.0,
    "pct1ResTime" : 4201.799999999999,
    "pct2ResTime" : 7188.049999999997,
    "pct3ResTime" : 18656.81000000004,
    "throughput" : 3.73852739405948,
    "receivedKBytesPerSec" : 0.7138433288315232,
    "sentKBytesPerSec" : 0.4163054704002093
  }
}