{
  "Total" : {
    "transaction" : "Total",
    "sampleCount" : 1000,
    "errorCount" : 493,
    "errorPct" : 49.3,
    "meanResTime" : 11.611999999999979,
    "medianResTime" : 6.0,
    "minResTime" : 0.0,
    "maxResTime" : 1063.0,
    "pct1ResTime" : 9.0,
    "pct2ResTime" : 9.949999999999932,
    "pct3ResTime" : 36.88000000000011,
    "throughput" : 469.9248120300752,
    "receivedKBytesPerSec" : 549.8019340343045,
    "sentKBytesPerSec" : 26.989470747180448
  },
  "HTTP Request" : {
    "transaction" : "HTTP Request",
    "sampleCount" : 1000,
    "errorCount" : 493,
    "errorPct" : 49.3,
    "meanResTime" : 11.611999999999979,
    "medianResTime" : 6.0,
    "minResTime" : 0.0,
    "maxResTime" : 1063.0,
    "pct1ResTime" : 9.0,
    "pct2ResTime" : 9.949999999999932,
    "pct3ResTime" : 36.88000000000011,
    "throughput" : 469.9248120300752,
    "receivedKBytesPerSec" : 549.8019340343045,
    "sentKBytesPerSec" : 26.989470747180448
  }
}