{
  "Total" : {
    "transaction" : "Total",
    "sampleCount" : 1000,
    "errorCount" : 206,
    "errorPct" : 20.6,
    "meanResTime" : 39118.43899999996,
    "medianResTime" : 5156.5,
    "minResTime" : 804.0,
    "maxResTime" : 199676.0,
    "pct1ResTime" : 132998.9,
    "pct2ResTime" : 153583.0,
    "pct3ResTime" : 199673.0,
    "throughput" : 2.5341540613620066,
    "receivedKBytesPerSec" : 1.3558615141823933,
    "sentKBytesPerSec" : 0.22990023827383563
  },
  "HTTP Request" : {
    "transaction" : "HTTP Request",
    "sampleCount" : 1000,
    "errorCount" : 206,
    "errorPct" : 20.6,
    "meanResTime" : 39118.43899999996,
    "medianResTime" : 5156.5,
    "minResTime" : 804.0,
    "maxResTime" : 199676.0,
    "pct1ResTime" : 132998.9,
    "pct2ResTime" : 153583.0,
    "pct3ResTime" : 199673.0,
    "throughput" : 2.5341540613620066,
    "receivedKBytesPerSec" : 1.3558615141823933,
    "sentKBytesPerSec" : 0.22990023827383563
  }
}