{
  "Total" : {
    "transaction" : "Total",
    "sampleCount" : 1000,
    "errorCount" : 493,
    "errorPct" : 49.3,
    "meanResTime" : 113.76599999999993,
    "medianResTime" : 10.0,
    "minResTime" : 0.0,
    "maxResTime" : 3150.0,
    "pct1ResTime" : 50.0,
    "pct2ResTime" : 1058.8999999999999,
    "pct3ResTime" : 1094.99,
    "throughput" : 310.17369727047145,
    "receivedKBytesPerSec" : 339.712895471464,
    "sentKBytesPerSec" : 17.81439012096774
  },
  "HTTP Request" : {
    "transaction" : "HTTP Request",
    "sampleCount" : 1000,
    "errorCount" : 493,
    "errorPct" : 49.3,
    "meanResTime" : 113.76599999999993,
    "medianResTime" : 10.0,
    "minResTime" : 0.0,
    "maxResTime" : 3150.0,
    "pct1ResTime" : 50.0,
    "pct2ResTime" : 1058.8999999999999,
    "pct3ResTime" : 1094.99,
    "throughput" : 310.17369727047145,
    "receivedKBytesPerSec" : 339.712895471464,
    "sentKBytesPerSec" : 17.81439012096774
  }
}