{
  "Total" : {
    "transaction" : "Total",
    "sampleCount" : 1000,
    "errorCount" : 493,
    "errorPct" : 49.3,
    "meanResTime" : 44.31600000000001,
    "medianResTime" : 7.0,
    "minResTime" : 0.0,
    "maxResTime" : 1114.0,
    "pct1ResTime" : 12.899999999999977,
    "pct2ResTime" : 17.949999999999932,
    "pct3ResTime" : 1063.98,
    "throughput" : 504.28643469490675,
    "receivedKBytesPerSec" : 588.7598296457387,
    "sentKBytesPerSec" : 28.962982223903175
  },
  "HTTP Request" : {
    "transaction" : "HTTP Request",
    "sampleCount" : 1000,
    "errorCount" : 493,
    "errorPct" : 49.3,
    "meanResTime" : 44.31600000000001,
    "medianResTime" : 7.0,
    "minResTime" : 0.0,
    "maxResTime" : 1114.0,
    "pct1ResTime" : 12.899999999999977,
    "pct2ResTime" : 17.949999999999932,
    "pct3ResTime" : 1063.98,
    "throughput" : 504.28643469490675,
    "receivedKBytesPerSec" : 588.7598296457387,
    "sentKBytesPerSec" : 28.962982223903175
  }
}