{
  "Total" : {
    "transaction" : "Total",
    "sampleCount" : 1050,
    "errorCount" : 83,
    "errorPct" : 7.904762,
    "meanResTime" : 20147.591428571417,
    "medianResTime" : 3379.5,
    "minResTime" : 447.0,
    "maxResTime" : 228940.0,
    "pct1ResTime" : 68028.5,
    "pct2ResTime" : 131198.5,
    "pct3ResTime" : 159766.89000000007,
    "throughput" : 3.230441216737993,
    "receivedKBytesPerSec" : 0.9490262334901379,
    "sentKBytesPerSec" : 0.33992642189408456
  },
  "HTTP Request" : {
    "transaction" : "HTTP Request",
    "sampleCount" : 1050,
    "errorCount" : 83,
    "errorPct" : 7.904762,
    "meanResTime" : 20147.591428571417,
    "medianResTime" : 3379.5,
    "minResTime" : 447.0,
    "maxResTime" : 228940.0,
    "pct1ResTime" : 68028.5,
    "pct2ResTime" : 131198.5,
    "pct3ResTime" : 159766.89000000007,
    "throughput" : 3.230441216737993,
    "receivedKBytesPerSec" : 0.9490262334901379,
    "sentKBytesPerSec" : 0.33992642189408456
  }
}