{
  "Total" : {
    "transaction" : "Total",
    "sampleCount" : 1050,
    "errorCount" : 100,
    "errorPct" : 9.523809,
    "meanResTime" : 5743.733333333335,
    "medianResTime" : 1494.0,
    "minResTime" : 1.0,
    "maxResTime" : 75002.0,
    "pct1ResTime" : 11323.7,
    "pct2ResTime" : 35003.0,
    "pct3ResTime" : 75001.0,
    "throughput" : 6.15738270185953,
    "receivedKBytesPerSec" : 2.551522724407279,
    "sentKBytesPerSec" : 0.631085913081213
  },
  "HTTP Request" : {
    "transaction" : "HTTP Request",
    "sampleCount" : 1050,
    "errorCount" : 100,
    "errorPct" : 9.523809,
    "meanResTime" : 5743.733333333335,
    "medianResTime" : 1494.0,
    "minResTime" : 1.0,
    "maxResTime" : 75002.0,
    "pct1ResTime" : 11323.7,
    "pct2ResTime" : 35003.0,
    "pct3ResTime" : 75001.0,
    "throughput" : 6.15738270185953,
    "receivedKBytesPerSec" : 2.551522724407279,
    "sentKBytesPerSec" : 0.631085913081213
  }
}